{
  "random": {
    "sizes": [
      100,
      500,
      1000,
      2000,
      5000,
      10000
    ],
    "data_type": "random",
    "insertion_sort": [
      0.00015063833173674843,
      0.0039371806584919495,
      0.017867597004321095,
      0.07340654167152631,
      0.47079247200357105,
      1.9581414446777974
    ],
    "merge_sort": [
      9.355565998703241e-05,
      0.0005494029901456088,
      0.0012316109981232632,
      0.002676097006769851,
      0.007541722006862983,
      0.01625738900232439
    ],
    "timsort": [
      4.2776712992539006e-06,
      2.6568993537997205e-05,
      6.012534140609205e-05,
      0.00013661066380639872,
      0.000375111325411126,
      0.0008271666689931104
    ]
  },
  "sorted": {
    "sizes": [
      100,
      500,
      1000,
      2000,
      5000,
      10000
    ],
    "data_type": "sorted",
    "insertion_sort": [
      6.7359942477196455e-06,
      3.554200520738959e-05,
      7.60970093930761e-05,
      0.00015976367285475135,
      0.00040698633529245853,
      0.0008351390133611858
    ],
    "merge_sort": [
      7.819432842855652e-05,
      0.0004704583261627704,
      0.0010073333299563576,
      0.0021612916607409716,
      0.006038013671059161,
      0.012944500330680361
    ],
    "timsort": [
      5.556697336335977e-07,
      3.4996774047613144e-06,
      3.1526724342256784e-06,
      6.319324408347408e-06,
      2.1194670504579943e-05,
      4.104166873730719e-05
    ]
  },
  "reversed": {
    "sizes": [
      100,
      500,
      1000,
      2000,
      5000,
      10000
    ],
    "data_type": "reversed",
    "insertion_sort": [
      0.0002807503333315253,
      0.007779611342508967,
      0.03385206999761673,
      0.14079469466620745,
      0.9130076253398632,
      3.7863566806772724
    ],
    "merge_sort": [
      8.209732671578725e-05,
      0.00046654165877650183,
      0.0010679863335099071,
      0.002229110997480651,
      0.006237680994672701,
      0.014510874675276378
    ],
    "timsort": [
      7.499960095932087e-07,
      2.069660695269704e-06,
      4.1943276301026344e-06,
      8.180669586484631e-06,
      1.9902664159114163e-05,
      7.645867299288511e-05
    ]
  },
  "partial": {
    "sizes": [
      100,
      500,
      1000,
      2000,
      5000,
      10000
    ],
    "data_type": "partial",
    "insertion_sort": [
      8.409733224349718e-05,
      0.002272528004444515,
      0.009120972002468383,
      0.04239293066590714,
      0.26635241667584825,
      1.0094689583250631
    ],
    "merge_sort": [
      8.573633385822177e-05,
      0.0005706249988482645,
      0.0012672913338368137,
      0.003982083328689138,
      0.007461542001692578,
      0.016158014002333704
    ],
    "timsort": [
      3.777997335419059e-06,
      2.690265925290684e-05,
      5.8111336935932435e-05,
      0.00018240298959426582,
      0.00031808333975883823,
      0.000666861335048452
    ]
  }
}